"parent","node","branch.length","x","y","branch","angle"
44,1,1,6,11,5.5,104.210526315789
45,2,1,6,12,5.5,113.684210526316
48,3,1,6,13,5.5,123.157894736842
50,4,1,6,14,5.5,132.631578947368
53,5,1,6,10,5.5,94.7368421052632
57,6,1,6,27,5.5,255.789473684211
59,7,1,6,28,5.5,265.263157894737
61,8,1,6,29,5.5,274.736842105263
63,9,1,6,30,5.5,284.21052631579
66,10,1,6,25,5.5,236.842105263158
68,11,1,6,26,5.5,246.315789473684
72,12,1,6,18,5.5,170.526315789474
73,13,1,6,19,5.5,180
75,14,1,6,17,5.5,161.052631578947
78,15,1,6,15,5.5,142.105263157895
80,16,1,6,16,5.5,151.578947368421
84,17,1,6,22,5.5,208.421052631579
86,18,1,6,23,5.5,217.894736842105
88,19,1,6,24,5.5,227.368421052632
91,20,1,6,20,5.5,189.473684210526
91,21,1,6,21,5.5,198.947368421053
95,22,1,6,8,5.5,75.7894736842105
96,23,1,6,9,5.5,85.2631578947368
99,24,1,6,6,5.5,56.8421052631579
102,25,1,6,7,5.5,66.3157894736842
106,26,1,6,1,5.5,9.47368421052632
110,27,1,6,4,5.5,37.8947368421053
112,28,1,6,5,5.5,47.3684210526316
116,29,1,6,2,5.5,18.9473684210526
120,30,1,6,3,5.5,28.4210526315789
124,31,1,6,31,5.5,293.684210526316
127,32,1,6,33,5.5,312.631578947368
129,33,1,6,34,5.5,322.105263157895
131,34,1,6,35,5.5,331.578947368421
134,35,1,6,32,5.5,303.157894736842
137,36,1,6,36,5.5,341.052631578947
139,37,1,6,37,5.5,350.526315789474
141,38,1,6,38,5.5,360
39,39,0,0,12.8208333333333,0,121.460526315789
39,40,1,1,12.8208333333333,0.5,121.460526315789
40,41,1,2,11.6666666666667,1.5,110.526315789474
41,42,1,3,11.5,2.5,108.947368421053
42,43,1,4,11.5,3.5,108.947368421053
43,44,1,5,11,4.5,104.210526315789
43,45,1,5,12,4.5,113.684210526316
41,46,1,3,13.5,2.5,127.894736842105
46,47,1,4,13,3.5,123.157894736842
47,48,1,5,13,4.5,123.157894736842
46,49,1,4,14,3.5,132.631578947368
49,50,1,5,14,4.5,132.631578947368
41,51,1,3,10,2.5,94.7368421052632
51,52,1,4,10,3.5,94.7368421052632
52,53,1,5,10,4.5,94.7368421052632
40,54,1,2,27,1.5,255.789473684211
54,55,1,3,28.5,2.5,270
55,56,1,4,27,3.5,255.789473684211
56,57,1,5,27,4.5,255.789473684211
55,58,1,4,28,3.5,265.263157894737
58,59,1,5,28,4.5,265.263157894737
55,60,1,4,29,3.5,274.736842105263
60,61,1,5,29,4.5,274.736842105263
55,62,1,4,30,3.5,284.21052631579
62,63,1,5,30,4.5,284.21052631579
54,64,1,3,25.5,2.5,241.578947368421
64,65,1,4,25,3.5,236.842105263158
65,66,1,5,25,4.5,236.842105263158
64,67,1,4,26,3.5,246.315789473684
67,68,1,5,26,4.5,246.315789473684
40,69,1,2,16.625,1.5,157.5
69,70,1,3,17.75,2.5,168.157894736842
70,71,1,4,18.5,3.5,175.263157894737
71,72,1,5,18,4.5,170.526315789474
71,73,1,5,19,4.5,180
70,74,1,4,17,3.5,161.052631578947
74,75,1,5,17,4.5,161.052631578947
69,76,1,3,15.5,2.5,146.842105263158
76,77,1,4,15,3.5,142.105263157895
77,78,1,5,15,4.5,142.105263157895
76,79,1,4,16,3.5,151.578947368421
79,80,1,5,16,4.5,151.578947368421
40,81,1,2,21.75,1.5,206.052631578947
81,82,1,3,23,2.5,217.894736842105
82,83,1,4,22,3.5,208.421052631579
83,84,1,5,22,4.5,208.421052631579
82,85,1,4,23,3.5,217.894736842105
85,86,1,5,23,4.5,217.894736842105
82,87,1,4,24,3.5,227.368421052632
87,88,1,5,24,4.5,227.368421052632
81,89,1,3,20.5,2.5,194.210526315789
89,90,1,4,20.5,3.5,194.210526315789
90,91,1,5,20.5,4.5,194.210526315789
40,92,1,2,7.16666666666667,1.5,67.8947368421053
92,93,1,3,8.5,2.5,80.5263157894737
93,94,1,4,8.5,3.5,80.5263157894737
94,95,1,5,8,4.5,75.7894736842105
94,96,1,5,9,4.5,85.2631578947368
92,97,1,3,6,2.5,56.8421052631579
97,98,1,4,6,3.5,56.8421052631579
98,99,1,5,6,4.5,56.8421052631579
92,100,1,3,7,2.5,66.3157894736842
100,101,1,4,7,3.5,66.3157894736842
101,102,1,5,7,4.5,66.3157894736842
40,103,1,2,1,1.5,9.47368421052632
103,104,1,3,1,2.5,9.47368421052632
104,105,1,4,1,3.5,9.47368421052632
105,106,1,5,1,4.5,9.47368421052632
40,107,1,2,4.5,1.5,42.6315789473684
107,108,1,3,4.5,2.5,42.6315789473684
108,109,1,4,4,3.5,37.8947368421053
109,110,1,5,4,4.5,37.8947368421053
108,111,1,4,5,3.5,47.3684210526316
111,112,1,5,5,4.5,47.3684210526316
40,113,1,2,2,1.5,18.9473684210526
113,114,1,3,2,2.5,18.9473684210526
114,115,1,4,2,3.5,18.9473684210526
115,116,1,5,2,4.5,18.9473684210526
40,117,1,2,3,1.5,28.4210526315789
117,118,1,3,3,2.5,28.4210526315789
118,119,1,4,3,3.5,28.4210526315789
119,120,1,5,3,4.5,28.4210526315789
40,121,1,2,33.5,1.5,317.368421052632
121,122,1,3,31,2.5,293.684210526316
122,123,1,4,31,3.5,293.684210526316
123,124,1,5,31,4.5,293.684210526316
121,125,1,3,34,2.5,322.105263157895
125,126,1,4,33,3.5,312.631578947368
126,127,1,5,33,4.5,312.631578947368
125,128,1,4,34,3.5,322.105263157895
128,129,1,5,34,4.5,322.105263157895
125,130,1,4,35,3.5,331.578947368421
130,131,1,5,35,4.5,331.578947368421
121,132,1,3,32,2.5,303.157894736842
132,133,1,4,32,3.5,303.157894736842
133,134,1,5,32,4.5,303.157894736842
121,135,1,3,37,2.5,350.526315789474
135,136,1,4,36,3.5,341.052631578947
136,137,1,5,36,4.5,341.052631578947
135,138,1,4,37,3.5,350.526315789474
138,139,1,5,37,4.5,350.526315789474
135,140,1,4,38,3.5,360
140,141,1,5,38,4.5,360
